task_name,threshold_mean_preds,ci_width,n_test,n_confident,uauc,roc_auc_confident,ar_uauc,tpr,tnr,fnr,fpr,positive_abstain_rate,negative_abstain_rate,overall_abstain_rate,abstained_true_positives,abstained_true_negatives
lab_hyperkalemia,0.016695807,0.0,88542,88542,0.7417283018176998,0.7417282967805897,2.083789958278705e-08,0.5509957754978877,0.7988375438798412,0.44900422450211225,0.20116245612015882,0.0,0.0,0.0,0,0
lab_hyperkalemia,0.016695807,0.5,88542,77887,0.7946754852965039,0.753809227608371,0.21703486482749745,0.5032444124008651,0.8685490196078431,0.4967555875991348,0.13145098039215686,0.16294508147254075,0.11952580997870749,0.12033837049084051,270,10385
lab_hyperkalemia,0.016695807,0.6,88542,75146,0.8073001075616217,0.7570631659745025,0.26864388929115685,0.5052950075642966,0.8751354573038578,0.4947049924357035,0.12486454269614218,0.20217260108630053,0.1503251424296484,0.15129543041720314,335,13061
lab_hyperkalemia,0.016695807,0.7,88542,71914,0.8215582006017876,0.7619173936163524,0.3272016031012907,0.5099601593625498,0.8819400217948173,0.4900398406374502,0.11805997820518264,0.24260712130356066,0.18675260401680382,0.18779788123150595,402,16226
lab_hyperkalemia,0.016695807,0.8,88542,67647,0.8387820803173633,0.7691138387381988,0.398104285977389,0.5191815856777494,0.889701236573698,0.48081841432225064,0.11029876342630202,0.292094146047073,0.23491972147090984,0.23598969980348308,484,20411
lab_hyperkalemia,0.016695807,0.9,88542,61200,0.8623303419481634,0.7787014595693535,0.4951885324593177,0.5336538461538461,0.8995678191489361,0.46634615384615385,0.10043218085106383,0.3723596861798431,0.3075904931806411,0.3088026021549095,617,26725
lab_hyperkalemia,0.016695807,0.95,88542,55596,0.8797993696243496,0.7873731157999158,0.5711449269317315,0.5465367965367965,0.9052714369329822,0.45346320346320346,0.09472856306701785,0.4423657211828606,0.3707544455314496,0.3720945991732737,733,32213
lab_hyponatremia,0.23144227,0.0,94045,94045,0.7330003796325744,0.7330000432901165,1.4435275100600263e-06,0.5950300174785318,0.7338432235297592,0.4049699825214682,0.26615677647024083,0.0,0.0,0.0,0,0
lab_hyponatremia,0.23144227,0.5,94045,74681,0.8003564201571416,0.7591774922270975,0.28507262294894364,0.5785703626324429,0.8174172743596321,0.42142963736755706,0.18258272564036793,0.23615016338627556,0.19414709052519674,0.2059014301664097,6215,13149
lab_hyponatremia,0.23144227,0.6,94045,70010,0.8159000202660323,0.7653367683015582,0.35169228937721525,0.582791422582899,0.8280645098535105,0.4172085774171011,0.1719354901464895,0.29299338855536133,0.2410264739321098,0.25556914243181456,7711,16324
lab_hyponatremia,0.23144227,0.7,94045,64781,0.8332651731348216,0.7727085058018016,0.4261500953110217,0.5889314100677068,0.8393798644238012,0.4110685899322932,0.16062013557619884,0.3546242115662284,0.29428440651438864,0.31117018448615025,9333,19931
lab_hyponatremia,0.23144227,0.8,94045,58072,0.8539414391477161,0.7823139318967822,0.5140092998381826,0.6010307208352854,0.8530291437713013,0.39896927916471453,0.14697085622869863,0.43228968766623604,0.36316387851226245,0.3825083736509118,11377,24596
lab_hyponatremia,0.23144227,0.9,94045,48737,0.8812613010467443,0.7966730249789336,0.6297443244159019,0.617076960824405,0.8708299096138045,0.382923039175595,0.12917009038619556,0.5354130253058743,0.4609240037208204,0.4817693657291722,14091,31217
lab_hyponatremia,0.23144227,0.95,94045,41557,0.9015023426762866,0.8086611295347964,0.7142279658117884,0.6348507097405776,0.8832876013017676,0.36514929025942244,0.1167123986982324,0.6118626035413025,0.5372303512631594,0.5581157956297517,16103,36385
new_hypertension,0.21301332,0.0,1822,1822,0.7291825821237586,0.7291825821237585,0.0,0.634453781512605,0.6906565656565656,0.36554621848739494,0.30934343434343436,0.0,0.0,0.0,0,0
new_hypertension,0.21301332,0.5,1822,1607,0.7655858697366346,0.7439207778078072,0.1590007215007215,0.6456310679611651,0.7273376159885796,0.35436893203883496,0.2726623840114204,0.13445378151260504,0.11553030303030302,0.11800219538968167,32,183
new_hypertension,0.21301332,0.6,1822,1557,0.7748470315859104,0.7474958388939705,0.19799359137594433,0.6428571428571429,0.7296105804555474,0.35714285714285715,0.2703894195444526,0.17647058823529413,0.1407828282828283,0.14544456641053788,42,223
new_hypertension,0.21301332,0.7,1822,1497,0.784564543118598,0.7518941975417524,0.24228100331041508,0.6544502617801047,0.7320061255742726,0.34554973821989526,0.2679938744257274,0.19747899159663865,0.1755050505050505,0.1783754116355653,47,278
new_hypertension,0.21301332,0.8,1822,1421,0.7974561347275696,0.7575679881970871,0.2965712800271624,0.6759776536312849,0.7375201288244766,0.3240223463687151,0.26247987117552335,0.24789915966386555,0.2159090909090909,0.22008781558726673,59,342
new_hypertension,0.21301332,0.9,1822,1319,0.8163650795672087,0.7651961556640933,0.3750875350140056,0.6848484848484848,0.7383015597920277,0.3151515151515151,0.2616984402079723,0.3067226890756303,0.27146464646464646,0.27607025246981337,73,430
new_hypertension,0.21301332,0.95,1822,1217,0.8317273662454345,0.7742877377831344,0.4378713606654783,0.6887417218543046,0.7448405253283302,0.31125827814569534,0.2551594746716698,0.36554621848739494,0.32702020202020204,0.33205268935236004,87,518
lab_hypoglycemia,0.006567566,0.0,130462,130462,0.7832283530734124,0.7832283492007097,1.3673429070672813e-08,0.5604460093896714,0.8330589167275043,0.4395539906103286,0.16694108327249568,0.0,0.0,0.0,0,0
lab_hypoglycemia,0.006567566,0.5,130462,117511,0.8367578035475279,0.7954876502286576,0.19866589081806996,0.5165609584214236,0.8970213279123453,0.4834390415785765,0.10297867208765461,0.16725352112676056,0.09837058668199257,0.09927028560040471,285,12666
lab_hypoglycemia,0.006567566,0.6,130462,114115,0.8487141430823034,0.7978495802545064,0.24686095898357782,0.5208333333333334,0.902749820432558,0.4791666666666667,0.09725017956744199,0.2112676056338028,0.12416315879401668,0.1253008538884886,360,15987
lab_hypoglycemia,0.006567566,0.7,130462,110004,0.8619626427703154,0.8018857802085535,0.301707635359473,0.5275590551181102,0.9086670222745415,0.47244094488188976,0.09133297772545845,0.2546948356807512,0.15551655042793458,0.15681194524075975,434,20024
lab_hypoglycemia,0.006567566,0.8,130462,104704,0.8774575894708567,0.8051021945042214,0.36861797255936035,0.5375323554788611,0.9145299145299145,0.4624676445211389,0.08547008547008547,0.3198356807511737,0.19581695894624024,0.19743680152074933,545,25213
lab_hypoglycemia,0.006567566,0.9,130462,96233,0.8970652506403759,0.8110826762562205,0.4627326224025316,0.5582089552238806,0.9215671861217289,0.4417910447761194,0.0784328138782711,0.4102112676056338,0.2604110035881266,0.2623675859637289,699,33530
lab_hypoglycemia,0.006567566,0.95,130462,88498,0.911840133673494,0.820626386490053,0.5373775307420617,0.5767955801104973,0.9257246583631112,0.42320441988950275,0.07427534163688879,0.4688967136150235,0.31970828997033196,0.32165688093084577,799,41165
guo_readmission,0.068813175,0.0,3450,3450,0.7638221311475409,0.7638221311475409,0.0,0.6075,0.8042622950819672,0.3925,0.19573770491803277,0.0,0.0,0.0,0,0
guo_readmission,0.068813175,0.5,3450,3152,0.8013250257088079,0.7703150380765518,0.14792868852459015,0.6011396011396012,0.8368439842913246,0.39886039886039887,0.16315601570867547,0.1225,0.08163934426229508,0.08637681159420289,49,249
guo_readmission,0.068813175,0.6,3450,3068,0.8105975118064702,0.771335538241651,0.18355409836065573,0.6101190476190477,0.8440702781844802,0.3898809523809524,0.15592972181551976,0.16,0.10426229508196722,0.11072463768115942,64,318
guo_readmission,0.068813175,0.7,3450,2966,0.8210479803719063,0.7715751134463816,0.22459754098360657,0.6170886075949367,0.850566037735849,0.3829113924050633,0.14943396226415095,0.21,0.13114754098360656,0.14028985507246378,84,400
guo_readmission,0.068813175,0.8,3450,2853,0.8332587211471284,0.7737439985836136,0.2749393442622951,0.6179401993355482,0.8530564263322884,0.38205980066445183,0.1469435736677116,0.2475,0.16327868852459015,0.17304347826086958,99,498
guo_readmission,0.068813175,0.9,3450,2675,0.8511214492884753,0.7785858873250291,0.34774098360655736,0.6382978723404256,0.8608441287087338,0.3617021276595745,0.1391558712912662,0.295,0.21540983606557376,0.2246376811594203,118,657
guo_readmission,0.068813175,0.95,3450,2521,0.8644614674869403,0.7811499122679986,0.4065688524590164,0.6463878326996197,0.8618246235606731,0.35361216730038025,0.13817537643932684,0.3425,0.259672131147541,0.2692753623188406,137,792
lab_thrombocytopenia,0.28271475,0.0,79763,79763,0.8349239343482173,0.8349236977771236,7.063427525262359e-07,0.6886721397906154,0.8222105282940856,0.31132786020938463,0.17778947170591441,0.0,0.0,0.0,0,0
lab_thrombocytopenia,0.28271475,0.5,79763,68985,0.8873302532001467,0.8542258129845608,0.17094697941743972,0.6898255296421577,0.8818926413999183,0.3101744703578423,0.11810735860008169,0.15387512239210666,0.12576819710951154,0.13512530872710404,4086,6692
lab_thrombocytopenia,0.28271475,0.6,79763,66345,0.8986611709891872,0.8587860027965583,0.21304029096689833,0.6957088336591268,0.8908357297309347,0.3042911663408731,0.10916427026906529,0.1908563681554568,0.1569283391907384,0.1682233617090631,5068,8350
lab_thrombocytopenia,0.28271475,0.7,79763,63178,0.9109087888719041,0.8637876460563922,0.2618406426117816,0.7045028142589118,0.8997996458857516,0.2954971857410882,0.10020035411424844,0.2372523913534684,0.1932943674942209,0.2079284881461329,6300,10285
lab_thrombocytopenia,0.28271475,0.8,79763,59225,0.9248855456977094,0.8697869605106033,0.3227762387707905,0.71616,0.9105373687461396,0.28384,0.0894626312538604,0.29389169240039165,0.23932041571914525,0.2574878076301042,7804,12734
lab_thrombocytopenia,0.28271475,0.9,79763,53296,0.9424586340743193,0.8796342785999818,0.410914783748573,0.7299982047752978,0.9256799234659013,0.2700017952247023,0.07432007653409868,0.3706786171574904,0.31242834858764496,0.3318205182854206,9843,16624
lab_thrombocytopenia,0.28271475,0.95,79763,48328,0.954845609892856,0.8882197229574272,0.4841711731605585,0.7453218314532183,0.9364363461422816,0.25467816854678166,0.06356365385771845,0.43247721623860813,0.37495536469394275,0.3941050361696526,11484,19951
lab_anemia,0.77305573,0.0,82131,82131,0.9553519966095148,0.9552955791227322,0.0001238986261236885,0.9408650576276172,0.7696718355571583,0.059134942372382863,0.23032816444284168,0.0,0.0,0.0,0,0
lab_anemia,0.77305573,0.5,82131,78751,0.9663602907419566,0.9602536866253588,0.028136687523635854,0.9526388027149492,0.780355186981693,0.04736119728505086,0.219644813018307,0.022315766254296796,0.07811034980165886,0.04115376654369239,1214,2166
lab_anemia,0.77305573,0.6,82131,77916,0.9687896763255658,0.9614293935815108,0.035187604240294025,0.9547809970497012,0.7855830670926518,0.04521900295029881,0.21441693290734826,0.028032572930644657,0.09700685178507032,0.05132045147386492,1525,2690
lab_anemia,0.77305573,0.7,82131,77007,0.9714313530077562,0.9627281843395398,0.043463899356498886,0.9571599931455989,0.7911051212938005,0.0428400068544011,0.20889487870619947,0.034558188268598,0.11698521456905878,0.06238813602659166,1880,3244
lab_anemia,0.77305573,0.8,82131,75771,0.9744876604564299,0.9644491475065169,0.054062578119835135,0.9602559913900793,0.7989721122251243,0.039744008609920625,0.20102788777487574,0.0435286116064043,0.1439596105301118,0.07743726485736202,2368,3992
lab_anemia,0.77305573,0.9,82131,74005,0.9784694899723588,0.9666399222443347,0.07009648197996085,0.9635620437956205,0.8107821475916924,0.03643795620437956,0.18921785240830755,0.0556239775004136,0.18391633609808872,0.09893949909291254,3026,5100
lab_anemia,0.77305573,0.95,82131,72597,0.9814616803140064,0.9683785166776173,0.08433391741031573,0.9659732745557239,0.8206481821520382,0.03402672544427607,0.1793518178479618,0.06595466995092002,0.2144248106743599,0.11608284326259269,3588,5946
new_hyperlipidemia,0.115084454,0.0,2116,2116,0.6560233976685775,0.6560233976685775,0.0,0.4689922480620155,0.7432723358449946,0.5310077519379846,0.25672766415500536,0.0,0.0,0.0,0,0
new_hyperlipidemia,0.115084454,0.5,2116,1835,0.6907791001008194,0.6675851393188854,0.20751871229378926,0.4409090909090909,0.8,0.5590909090909091,0.2,0.14728682170542637,0.13078579117330463,0.1327977315689981,38,243
new_hyperlipidemia,0.115084454,0.6,2116,1763,0.6993767371346753,0.6732230018763989,0.25695296267554507,0.4392523364485981,0.8089089735313105,0.5607476635514018,0.19109102646868947,0.17054263565891473,0.16630785791173305,0.1668241965973535,44,309
new_hyperlipidemia,0.115084454,0.7,2116,1712,0.7095981831099668,0.6744059361260459,0.3129354728348395,0.45145631067961167,0.8114209827357237,0.5485436893203883,0.18857901726427623,0.20155038759689922,0.18945102260495156,0.19092627599243855,52,352
new_hyperlipidemia,0.115084454,0.8,2116,1627,0.7226195324042445,0.6772649117632246,0.38014327317028396,0.4639175257731959,0.8150732728541521,0.5360824742268041,0.18492672714584787,0.24806201550387597,0.22874058127018299,0.23109640831758035,64,425
new_hyperlipidemia,0.115084454,0.9,2116,1485,0.7406198374937109,0.6839008966982844,0.47342520506337565,0.480225988700565,0.8172782874617737,0.519774011299435,0.1827217125382263,0.313953488372093,0.2960172228202368,0.29820415879017015,81,550
new_hyperlipidemia,0.115084454,0.95,2116,1369,0.7564465828281248,0.6931015833909203,0.5464782503483783,0.4879518072289157,0.827930174563591,0.5120481927710844,0.17206982543640897,0.35658914728682173,0.35252960172228204,0.35302457466918713,92,655
new_acutemi,0.04498956,0.0,3354,3354,0.6665780653142422,0.6665780653142421,0.0,0.4708994708994709,0.7605055292259084,0.5291005291005291,0.23949447077409164,0.0,0.0,0.0,0,0
new_acutemi,0.04498956,0.5,3354,3001,0.7002561591986622,0.673949510802129,0.19924605264257714,0.4294478527607362,0.8040873854827343,0.5705521472392638,0.1959126145172657,0.13756613756613756,0.1033175355450237,0.10524746571258199,26,327
new_acutemi,0.04498956,0.6,3354,2902,0.7086635662492345,0.6773682317589595,0.24656753345536916,0.42038216560509556,0.810200364298725,0.5796178343949044,0.18979963570127503,0.1693121693121693,0.13270142180094788,0.1347644603458557,32,420
new_acutemi,0.04498956,0.7,3354,2791,0.7191381198559548,0.6773493539114896,0.30088183421516757,0.410958904109589,0.8120982986767485,0.589041095890411,0.18790170132325143,0.2275132275132275,0.16429699842022116,0.1678592725104353,43,520
new_acutemi,0.04498956,0.8,3354,2655,0.7313359670877335,0.6767006731738148,0.3656928876518134,0.42105263157894735,0.817208564631245,0.5789473684210527,0.18279143536875495,0.2962962962962963,0.20315955766192734,0.20840787119856888,56,643
new_acutemi,0.04498956,0.9,3354,2444,0.7496179986798034,0.6876731714322745,0.4529719066843869,0.4146341463414634,0.8242137009909521,0.5853658536585366,0.17578629900904783,0.3492063492063492,0.26666666666666666,0.2713178294573643,66,844
new_acutemi,0.04498956,0.95,3354,2277,0.7650200873362445,0.6882934425674532,0.5214691107266147,0.45871559633027525,0.8251845018450185,0.5412844036697247,0.17481549815498154,0.42328042328042326,0.3150078988941548,0.3211091234347048,80,997
guo_los,0.34122163,0.0,3457,3457,0.8139003064511252,0.8139003064511253,0.0,0.7756041426927502,0.6904945904173106,0.2243958573072497,0.30950540958268935,0.0,0.0,0.0,0,0
guo_los,0.34122163,0.5,3457,3086,0.8535826008624466,0.8306491427046501,0.13323153867633747,0.8,0.7189939288811795,0.2,0.2810060711188205,0.10241657077100115,0.10896445131375579,0.10731848423488574,89,282
guo_los,0.34122163,0.6,3457,3002,0.8626239201406797,0.8347785834428754,0.16633155059289312,0.8042328042328042,0.7252894033837934,0.19576719576719576,0.2747105966162066,0.13003452243958574,0.1321483771251932,0.1316170089673127,113,342
guo_los,0.34122163,0.7,3457,2893,0.8729189540934411,0.8395682942475576,0.204630382236862,0.8161865569272977,0.7292051756007394,0.18381344307270234,0.2707948243992606,0.1611047180667434,0.16383307573415765,0.16314723748915244,140,424
guo_los,0.34122163,0.8,3457,2724,0.8850840688639964,0.8492751334289149,0.2527047913446677,0.8410104011887073,0.7376889322281813,0.1589895988112927,0.2623110677718186,0.22554660529344073,0.20749613601236477,0.2120335551055829,196,537
guo_los,0.34122163,0.9,3457,2506,0.9017370199088196,0.8582819614830592,0.32215696771680574,0.8569131832797428,0.7526539278131635,0.14308681672025725,0.24734607218683652,0.28423475258918296,0.27202472952086554,0.2750940121492624,247,704
guo_los,0.34122163,0.95,3457,2345,0.9143388009370573,0.8645833333333334,0.38066325414456026,0.8666666666666667,0.7613636363636364,0.13333333333333333,0.23863636363636365,0.32681242807825084,0.31993817619783615,0.3216661845530807,284,828
guo_icu,0.059063863,0.0,3215,3215,0.7988696488696488,0.798869648869649,0.0,0.5851851851851851,0.8467532467532467,0.4148148148148148,0.15324675324675324,0.0,0.0,0.0,0,0
guo_icu,0.059063863,0.5,3215,2988,0.8332673667315414,0.807372931745023,0.11893458393458393,0.5630252100840336,0.8884628790519344,0.4369747899159664,0.11153712094806553,0.11851851851851852,0.0685064935064935,0.07060653188180405,16,211
guo_icu,0.059063863,0.6,3215,2939,0.8413750095235946,0.807402577239559,0.1477080327080327,0.5701754385964912,0.8920353982300885,0.4298245614035088,0.1079646017699115,0.15555555555555556,0.08279220779220779,0.08584758942457232,21,255
guo_icu,0.059063863,0.7,3215,2872,0.8505530879149629,0.8097360279112632,0.18186387686387687,0.5727272727272728,0.8975380159304851,0.42727272727272725,0.10246198406951484,0.18518518518518517,0.10324675324675325,0.10668740279937791,25,318
guo_icu,0.059063863,0.8,3215,2796,0.861793379568513,0.8115057245492029,0.22391053391053392,0.580952380952381,0.9048680787811223,0.41904761904761906,0.09513192121887774,0.2222222222222222,0.1262987012987013,0.13032659409020217,30,389
guo_icu,0.059063863,0.9,3215,2686,0.8776643417904916,0.8143631912476134,0.2862193362193362,0.6060606060606061,0.9114804793196754,0.3939393939393939,0.0885195206803247,0.26666666666666666,0.16006493506493508,0.1645412130637636,36,493
guo_icu,0.059063863,0.95,3215,2586,0.8903913452698062,0.8117343304843304,0.3381938431938432,0.6111111111111112,0.9202724358974359,0.3888888888888889,0.0797275641025641,0.3333333333333333,0.18961038961038962,0.19564541213063763,45,584
new_pancan,0.024216019,0.0,3434,3434,0.7912296655552188,0.7912296655552188,0.0,0.6370370370370371,0.858441952106699,0.362962962962963,0.141558047893301,0.0,0.0,0.0,0,0
new_pancan,0.024216019,0.5,3434,3192,0.830326677536817,0.7885941981885235,0.1379520168850269,0.6086956521739131,0.8921026974325642,0.391304347826087,0.10789730256743582,0.14814814814814814,0.06729311912700818,0.07047175305765871,20,222
new_pancan,0.024216019,0.6,3434,3143,0.8394438209253025,0.7884096479238347,0.17174901485298574,0.6160714285714286,0.8964038271197624,0.38392857142857145,0.10359617288023755,0.17037037037037037,0.08123673840557745,0.08474082702387886,23,268
new_pancan,0.024216019,0.7,3434,3086,0.8500358459647686,0.7886333449411852,0.21075073254521573,0.6146788990825688,0.8995633187772926,0.3853211009174312,0.10043668122270742,0.1925925925925926,0.09760533494998484,0.10133954571927781,26,322
new_pancan,0.024216019,0.8,3434,2987,0.8635368294453336,0.7914246232636728,0.2606940374748802,0.6132075471698113,0.9045470322804582,0.3867924528301887,0.09545296771954183,0.21481481481481482,0.12670506214004243,0.13016889924286545,29,418
new_pancan,0.024216019,0.9,3434,2848,0.8809696822897743,0.7926310043668122,0.33256542386581794,0.62,0.9082969432314411,0.38,0.09170305676855896,0.25925925925925924,0.1670203091846014,0.17064647641234712,35,551
new_pancan,0.024216019,0.95,3434,2702,0.8941180369399357,0.7925213384603336,0.3902170130117993,0.6451612903225806,0.9126101954771944,0.3548387096774194,0.08738980452280568,0.3111111111111111,0.20915428917853895,0.2131624927198602,42,690
new_lupus,0.003893724,0.0,3464,3464,0.6894305104750664,0.6894305104750664,0.0,0.36,0.8837415166715845,0.64,0.11625848332841546,0.0,0.0,0.0,0,0
new_lupus,0.003893724,0.5,3464,3250,0.7325463933913454,0.6909407697711392,0.23274515589652797,0.3235294117647059,0.9242614707730987,0.6764705882352942,0.07573852922690132,0.09333333333333334,0.06107996459132487,0.0617782909930716,7,207
new_lupus,0.003893724,0.6,3464,3206,0.742823832335991,0.6961018633074645,0.2879669519032163,0.3235294117647059,0.9289356277884002,0.6764705882352942,0.07106437221159974,0.09333333333333334,0.0740631454706403,0.07448036951501155,7,251
new_lupus,0.003893724,0.7,3464,3129,0.7548425747187646,0.6982756062090049,0.3498455788334809,0.3333333333333333,0.9350310153444336,0.6666666666666666,0.06496898465556644,0.12,0.09619356742401888,0.09670900692840646,9,326
new_lupus,0.003893724,0.8,3464,3034,0.769085832485681,0.6850145707240529,0.4236923379561326,0.31666666666666665,0.9398117014122394,0.6833333333333333,0.06018829858776059,0.2,0.12245500147536147,0.12413394919168591,15,415
new_lupus,0.003893724,0.9,3464,2880,0.7913848697809012,0.6755196456187256,0.5241467492869086,0.2962962962962963,0.9444444444444444,0.7037037037037037,0.05555555555555555,0.28,0.1661257007966952,0.16859122401847576,21,563
new_lupus,0.003893724,0.95,3464,2719,0.8095079396196824,0.658634857943687,0.5986229959673454,0.2978723404255319,0.9483532934131736,0.7021276595744681,0.051646706586826345,0.37333333333333335,0.2115668338742992,0.21506928406466513,28,717
new_celiac,0.0031096903,0.0,3458,3458,0.5891186652916912,0.5891186652916912,0.0,0.171875,0.8635827931644078,0.828125,0.13641720683559222,0.0,0.0,0.0,0,0
new_celiac,0.0031096903,0.5,3458,3267,0.6148611918195962,0.5957644735474483,0.26321725839717147,0.13333333333333333,0.8986591830371063,0.8666666666666667,0.10134081696289367,0.0625,0.05509723040659988,0.05523423944476576,4,187
new_celiac,0.0031096903,0.6,3458,3213,0.6195578822518967,0.5983577485678665,0.32462157483794934,0.13559322033898305,0.9023462270133165,0.864406779661017,0.09765377298668358,0.078125,0.07071302298173247,0.0708502024291498,5,240
new_celiac,0.0031096903,0.7,3458,3157,0.625461757403258,0.5956140350877193,0.3918311726576311,0.14035087719298245,0.905483870967742,0.8596491228070176,0.09451612903225806,0.109375,0.08662345315262228,0.08704453441295547,7,294
new_celiac,0.0031096903,0.8,3458,3079,0.6315105642707034,0.6018264732290534,0.4720508618149676,0.14285714285714285,0.9093615613628846,0.8571428571428571,0.09063843863711545,0.125,0.10931054802592811,0.10960092539039908,8,371
new_celiac,0.0031096903,0.9,3458,2935,0.6395846923244184,0.6009098428453268,0.5765505303476723,0.1346153846153846,0.9202219909816164,0.8653846153846154,0.07977800901838362,0.1875,0.15055981143193872,0.1512434933487565,12,511
new_celiac,0.0031096903,0.95,3458,2785,0.6476196782096272,0.5899087701847909,0.6523506555686506,0.14893617021276595,0.9251278305332359,0.851063829787234,0.07487216946676406,0.265625,0.1932822628167354,0.19462116830537884,17,656
