task_name,threshold_mean_label,ci_width,n_test,n_confident,uauc,roc_auc_confident,ar_uauc,tpr,tnr,fnr,fpr,positive_abstain_rate,negative_abstain_rate,overall_abstain_rate,abstained_true_positives,abstained_true_negatives
lab_hyperkalemia,0.027010741964304266,0.0,48129,48129,0.7240362664847938,0.7240362480842739,8.213188080364403e-08,0.5838461538461538,0.7321317986717633,0.41615384615384615,0.2678682013282368,0.0,0.0,0.0,0,0
lab_hyperkalemia,0.027010741964304266,0.5,48129,43145,0.7601534713313464,0.7374778845994405,0.1592320012089813,0.5664028144239226,0.7792801371167397,0.4335971855760774,0.22071986288326034,0.12538461538461537,0.10294902731213565,0.10355502919237881,163,4821
lab_hyperkalemia,0.027010741964304266,0.6,48129,41865,0.768997713113817,0.740957129298721,0.1977682632556749,0.5693430656934306,0.7848855748240084,0.4306569343065693,0.21511442517599155,0.15692307692307692,0.12940699139422152,0.13015022128030918,204,6060
lab_hyperkalemia,0.027010741964304266,0.7,48129,40435,0.7794168472883282,0.7455129679544774,0.2419778835271372,0.5726415094339623,0.7913142857142857,0.42735849056603775,0.20868571428571428,0.18461538461538463,0.15917487027269428,0.15986203744104385,240,7454
lab_hyperkalemia,0.027010741964304266,0.8,48129,38612,0.7924023950218579,0.7511485590875986,0.2966200759884161,0.5811881188118811,0.7972182330727089,0.4188118811881188,0.2027817669272911,0.2230769230769231,0.1970360246855581,0.19773940867252593,290,9227
lab_hyperkalemia,0.027010741964304266,0.9,48129,35876,0.8110122647578659,0.7599942152460233,0.37375096299630245,0.5918367346938775,0.8057232794391186,0.40816326530612246,0.19427672056088138,0.28384615384615386,0.2537743705823315,0.2545866317604771,369,11884
lab_hyperkalemia,0.027010741964304266,0.95,48129,33517,0.8259305238775628,0.7676416052339478,0.435948516451837,0.607728337236534,0.8114992499158069,0.39227166276346603,0.18850075008419312,0.34307692307692306,0.30250485810074956,0.30360073967877993,446,14166
lab_hyponatremia,0.23784462091699132,0.0,53392,53392,0.7619400264754425,0.7619400183652227,3.0962124387366235e-08,0.827466729663753,0.5093996510456343,0.17253327033624694,0.4906003489543656,0.0,0.0,0.0,0,0
lab_hyponatremia,0.23784462091699132,0.5,53392,45286,0.8066159496748754,0.776705497608543,0.1737802950526742,0.8538130002638754,0.5274641035468939,0.14618699973612456,0.4725358964531061,0.1047326561146547,0.16651512545155187,0.1518204974528019,1330,6776
lab_hyponatremia,0.23784462091699132,0.6,53392,43328,0.8172001855571321,0.780367149258882,0.21619028371111257,0.8624660018132366,0.5264412657130473,0.13753399818676337,0.4735587342869528,0.1314276714701945,0.2063008379819625,0.18849265807611626,1669,8395
lab_hyponatremia,0.23784462091699132,0.7,53392,41128,0.8292234898594226,0.7846080039264491,0.26493081154338516,0.8700065795657487,0.526911345075273,0.12999342043425133,0.47308865492472696,0.16221749744074337,0.2507556582213157,0.22969733293377284,2060,10204
lab_hyponatremia,0.23784462091699132,0.8,53392,38384,0.8436629231255071,0.7892308222699658,0.3249001562923531,0.8820754716981132,0.5268009075439591,0.1179245283018868,0.47319909245604086,0.19867706118592016,0.30680952497972624,0.28109080011986814,2523,12485
lab_hyponatremia,0.23784462091699132,0.9,53392,34486,0.8636278140346981,0.7960642180754716,0.41043088659073684,0.8982478361832383,0.5243483128098513,0.10175216381676166,0.4756516871901487,0.2539570044885424,0.3853488314943602,0.3540979922085706,3225,15681
lab_hyponatremia,0.23784462091699132,0.95,53392,31327,0.8792306480593609,0.8005976394058716,0.4799976945602181,0.9108344549125168,0.5243407255365669,0.08916554508748317,0.47565927446343315,0.2978974722419088,0.449266458604674,0.4132641594246329,3783,18282
new_hypertension,0.07803468208092486,0.0,692,692,0.7604202949030535,0.7604202949030535,0.0,0.7037037037037037,0.6802507836990596,0.2962962962962963,0.31974921630094044,0.0,0.0,0.0,0,0
new_hypertension,0.07803468208092486,0.5,692,602,0.80078792316006,0.7789534215066131,0.1674503657262278,0.6808510638297872,0.7225225225225225,0.3191489361702128,0.2774774774774775,0.12962962962962962,0.13009404388714735,0.13005780346820808,7,83
new_hypertension,0.07803468208092486,0.6,692,583,0.8114094699335122,0.7844914825434307,0.20982816672471846,0.6818181818181818,0.725417439703154,0.3181818181818182,0.274582560296846,0.18518518518518517,0.15517241379310345,0.157514450867052,10,99
new_hypertension,0.07803468208092486,0.7,692,558,0.8224010626245263,0.7913898117386489,0.2570242656449553,0.6904761904761905,0.7422480620155039,0.30952380952380953,0.25775193798449614,0.2222222222222222,0.19122257053291536,0.1936416184971098,12,122
new_hypertension,0.07803468208092486,0.8,692,525,0.8355491574223051,0.7999484536082474,0.31446650412167654,0.7,0.7484536082474227,0.3,0.2515463917525773,0.25925925925925924,0.23981191222570533,0.24132947976878613,14,153
new_hypertension,0.07803468208092486,0.9,692,478,0.8582874794864369,0.8141815284672428,0.3986415882967607,0.7297297297297297,0.7528344671201814,0.2702702702702703,0.2471655328798186,0.3148148148148148,0.30877742946708464,0.3092485549132948,17,197
new_hypertension,0.07803468208092486,0.95,692,434,0.8728566806858622,0.8258142522481674,0.4616858237547893,0.7878787878787878,0.743142144638404,0.21212121212121213,0.256857855361596,0.3888888888888889,0.3714733542319749,0.37283236994219654,21,237
lab_hypoglycemia,0.013500316484311421,0.0,110590,110590,0.7865597216435818,0.7865597198842712,6.139420555716896e-09,0.3596784996651038,0.9386417591684464,0.6403215003348962,0.06135824083155357,0.0,0.0,0.0,0,0
lab_hypoglycemia,0.013500316484311421,0.5,110590,106588,0.8326162346155528,0.7797520496845332,0.17062167422600216,0.3046815042210284,0.9618369188393409,0.6953184957789716,0.03816308116065916,0.12726054922973878,0.03494138243948046,0.03618772040871688,190,3812
lab_hypoglycemia,0.013500316484311421,0.6,110590,105547,0.8430698933024098,0.7788639659275969,0.2120356205988144,0.30039525691699603,0.9641452983256938,0.6996047430830039,0.03585470167430621,0.15271265907568654,0.04413503579383484,0.04560086807125418,228,4815
lab_hypoglycemia,0.013500316484311421,0.7,110590,104240,0.8546242158624169,0.7771086325884783,0.2595799503002855,0.2938271604938272,0.966891531181752,0.7061728395061728,0.033108468818248,0.18620227729403885,0.0556568924901693,0.05741929650058775,278,6072
lab_hypoglycemia,0.013500316484311421,0.8,110590,102596,0.8683922757703357,0.7744670125612135,0.3178438617775522,0.2862098872506505,0.9701014362745581,0.7137901127493496,0.029898563725441873,0.2277294038847957,0.07015774952565149,0.07228501672845646,340,7654
lab_hypoglycemia,0.013500316484311421,0.9,110590,99804,0.8863762485416428,0.768063500176342,0.4002586083563002,0.2836676217765043,0.9735816195307675,0.7163323782234957,0.02641838046923256,0.29872739450770264,0.09477804155934627,0.09753142237091961,446,10340
lab_hypoglycemia,0.013500316484311421,0.95,110590,97069,0.8999754105164066,0.7663542108608398,0.4669902296831517,0.27897435897435896,0.9761275417820051,0.721025641025641,0.023872458217994882,0.34695244474212994,0.1191875120305783,0.12226241070621213,518,13003
guo_readmission,0.1094834232845027,0.0,1297,1297,0.7989573806475215,0.7989573806475215,0.0,0.4084507042253521,0.9134199134199135,0.5915492957746479,0.08658008658008658,0.0,0.0,0.0,0,0
guo_readmission,0.1094834232845027,0.5,1297,1233,0.8437712139813678,0.7987581227436823,0.15572221206024023,0.392,0.9386281588447654,0.608,0.061371841155234655,0.11971830985915492,0.04069264069264069,0.04934464148033924,17,47
guo_readmission,0.1094834232845027,0.6,1297,1223,0.8537944153814797,0.799490022172949,0.19229925004572893,0.3983739837398374,0.9427272727272727,0.6016260162601627,0.057272727272727274,0.13380281690140844,0.047619047619047616,0.05705474171164225,19,55
guo_readmission,0.1094834232845027,0.7,1297,1205,0.8648090733021432,0.7981538365584021,0.23500396317297725,0.3898305084745763,0.9466421343146274,0.6101694915254238,0.05335786568537258,0.16901408450704225,0.05887445887445888,0.07093292212798766,24,68
guo_readmission,0.1094834232845027,0.8,1297,1180,0.8783943228454172,0.7900514787175235,0.28687275166148407,0.4074074074074074,0.9486940298507462,0.5925925925925926,0.051305970149253734,0.23943661971830985,0.07186147186147186,0.09020817270624518,34,83
guo_readmission,0.1094834232845027,0.9,1297,1144,0.8953717145476773,0.7919536336607579,0.36159990244497286,0.38235294117647056,0.9587332053742802,0.6176470588235294,0.04126679462571977,0.28169014084507044,0.09783549783549783,0.117964533538936,40,113
guo_readmission,0.1094834232845027,0.95,1297,1118,0.9077903278636561,0.7825124573826383,0.42294372294372296,0.3870967741935484,0.9609756097560975,0.6129032258064516,0.03902439024390244,0.34507042253521125,0.11255411255411256,0.13801079414032383,49,130
lab_thrombocytopenia,0.28637292646988927,0.0,42078,42078,0.8248033226948893,0.8248033011512905,6.6328135234224e-08,0.86149377593361,0.5547822032769415,0.13850622406639004,0.4452177967230585,0.0,0.0,0.0,0,0
lab_thrombocytopenia,0.28637292646988927,0.5,42078,36821,0.8610893722795617,0.8378212995356903,0.1177095927618317,0.8795718108831401,0.5760415446487838,0.12042818911685994,0.4239584553512163,0.06970954356846473,0.1470960436925536,0.12493464518275584,840,4417
lab_thrombocytopenia,0.28637292646988927,0.6,42078,35552,0.8694995772898606,0.8416884696816274,0.14675053767244625,0.8873290793072015,0.5779432104792124,0.11267092069279853,0.42205678952078757,0.08962655601659751,0.18136406021047022,0.15509292266742716,1080,5446
lab_thrombocytopenia,0.28637292646988927,0.7,42078,34101,0.8789580401634247,0.844924328889836,0.180505202060373,0.8944035757519322,0.5797448848557486,0.1055964242480678,0.42025511514425135,0.1087966804979253,0.22199280671373384,0.1895765007842578,1311,6666
lab_thrombocytopenia,0.28637292646988927,0.8,42078,32255,0.8901913146519395,0.8492335141747194,0.22268373584377957,0.901793420926441,0.5820505772402419,0.09820657907355904,0.4179494227597581,0.13468879668049794,0.273078460103903,0.2334474071961595,1623,8200
lab_thrombocytopenia,0.28637292646988927,0.9,42078,29593,0.9055392020469397,0.8550429395031084,0.28449482557635003,0.9150045103738599,0.5854404567699837,0.08499548962614012,0.4145595432300163,0.17203319502074688,0.34674303982949245,0.2967108702885118,2073,10412
lab_thrombocytopenia,0.28637292646988927,0.95,42078,27492,0.9175197007128729,0.8586412083069089,0.33658447965854277,0.9226697114386547,0.5867958337999776,0.07733028856134523,0.41320416620002237,0.2004979253112033,0.4052883974956707,0.3466419506630543,2416,12170
lab_anemia,0.6922016134592843,0.0,43509,43509,0.9671037208402914,0.9670995979082613,8.826587856543075e-06,0.960055782448451,0.7593339307048984,0.039944217551548956,0.24066606929510156,0.0,0.0,0.0,0,0
lab_anemia,0.6922016134592843,0.5,43509,42268,0.9743061287366656,0.9701520961016724,0.017363410734773176,0.9665174815762022,0.7724484104852203,0.033482518423797826,0.2275515895147797,0.013281535345485939,0.06279868578255675,0.02852283435611023,400,841
lab_anemia,0.6922016134592843,0.6,43509,41997,0.9759017229773127,0.9707685285385245,0.021738142887501786,0.9675677499915629,0.777130842633026,0.03243225000843711,0.22286915736697396,0.016137065444765415,0.07661290322580645,0.034751430738467905,486,1026
lab_anemia,0.6922016134592843,0.7,43509,41664,0.9776409815589003,0.971548389561708,0.026848412457842134,0.9690358425367572,0.7830561501728964,0.030964157463242766,0.21694384982710357,0.019889099179865193,0.09304062126642772,0.04240501965110667,599,1246
lab_anemia,0.6922016134592843,0.8,43509,41264,0.9796869673815739,0.9724679508369882,0.03335917143371833,0.970931617822254,0.7883045856121161,0.02906838217774601,0.2116954143878839,0.024504432712421555,0.11252986857825567,0.051598519846468544,738,1507
lab_anemia,0.6922016134592843,0.9,43509,40602,0.9824149541204749,0.9739974490182708,0.0431958383015122,0.9736417613343858,0.798430004361099,0.026358238665614167,0.201569995638901,0.03253976159644055,0.14389187574671444,0.06681376266979246,980,1927
lab_anemia,0.6922016134592843,0.95,43509,40038,0.9844916766187505,0.9751195640070326,0.05189023312863187,0.9751951910453949,0.8069780021637216,0.024804808954605125,0.1930219978362784,0.038881694723910086,0.17174432497013142,0.0797765979452527,1171,2300
new_hyperlipidemia,0.10735294117647058,0.0,680,680,0.6146103676288055,0.6146103676288055,0.0,0.5342465753424658,0.6639209225700164,0.4657534246575342,0.33607907742998355,0.0,0.0,0.0,0,0
new_hyperlipidemia,0.10735294117647058,0.5,680,564,0.6562204426508607,0.6231030003485093,0.28419579788314414,0.49206349206349204,0.720558882235529,0.5079365079365079,0.27944111776447106,0.136986301369863,0.17462932454695224,0.17058823529411765,10,106
new_hyperlipidemia,0.10735294117647058,0.6,680,530,0.6700155898146545,0.6225891291642314,0.3485816163029496,0.5172413793103449,0.7182203389830508,0.4827586206896552,0.2817796610169492,0.2054794520547945,0.22240527182866557,0.22058823529411764,15,135
new_hyperlipidemia,0.10735294117647058,0.7,680,494,0.6844158377218647,0.6295716407724117,0.4214754801290876,0.5087719298245614,0.7299771167048055,0.49122807017543857,0.2700228832951945,0.2191780821917808,0.2800658978583196,0.2735294117647059,16,170
new_hyperlipidemia,0.10735294117647058,0.8,680,448,0.7022991122239927,0.6372438428275992,0.5042991582225632,0.5185185185185185,0.7385786802030457,0.48148148148148145,0.2614213197969543,0.2602739726027397,0.35090609555189456,0.3411764705882353,19,213
new_hyperlipidemia,0.10735294117647058,0.9,680,370,0.7276725502844075,0.6527237994861999,0.6151519938615694,0.46808510638297873,0.7337461300309598,0.5319148936170213,0.26625386996904027,0.3561643835616438,0.46787479406919275,0.45588235294117646,26,284
new_hyperlipidemia,0.10735294117647058,0.95,680,311,0.7487670224512329,0.6716314855000985,0.6934169844959491,0.5135135135135135,0.7372262773722628,0.4864864864864865,0.26277372262773724,0.4931506849315068,0.5485996705107083,0.5426470588235294,36,333
new_acutemi,0.0681470137825421,0.0,1306,1306,0.7472694875038084,0.7472694875038084,0.0,0.48314606741573035,0.8644207066557108,0.5168539325842697,0.13557929334428923,0.0,0.0,0.0,0,0
new_acutemi,0.0681470137825421,0.5,1306,1200,0.794289594218243,0.7555753791257805,0.19775096248834398,0.4430379746835443,0.8983050847457628,0.5569620253164557,0.1016949152542373,0.11235955056179775,0.07888249794576828,0.08116385911179173,10,96
new_acutemi,0.0681470137825421,0.6,1306,1174,0.8058953033268101,0.7489828673808367,0.24515062827176792,0.4246575342465753,0.9037238873751136,0.5753424657534246,0.09627611262488647,0.1797752808988764,0.09531635168447,0.10107197549770292,16,116
new_acutemi,0.0681470137825421,0.7,1306,1133,0.8186020174352762,0.7512803748501689,0.2989022555002631,0.43478260869565216,0.9154135338345865,0.5652173913043478,0.08458646616541353,0.2247191011235955,0.1257189811010682,0.1324655436447167,20,153
new_acutemi,0.0681470137825421,0.8,1306,1090,0.8337769632441709,0.7532307692307694,0.36525624809579643,0.4153846153846154,0.9219512195121952,0.5846153846153846,0.07804878048780488,0.2696629213483146,0.15776499589153656,0.16539050535987748,24,192
new_acutemi,0.0681470137825421,0.9,1306,1009,0.856264201875929,0.7501619973318087,0.45961241956182547,0.4,0.9266247379454927,0.6,0.07337526205450734,0.38202247191011235,0.2161051766639277,0.22741194486983154,34,263
new_acutemi,0.0681470137825421,0.95,1306,946,0.8734006734006734,0.752303597024094,0.5338509689510954,0.3877551020408163,0.9319955406911928,0.6122448979591837,0.06800445930880714,0.449438202247191,0.2629416598192276,0.27565084226646247,40,320
guo_los,0.28176382660687593,0.0,1338,1338,0.8251600206460445,0.8251600206460444,0.0,0.7453580901856764,0.7419354838709677,0.2546419098143236,0.25806451612903225,0.0,0.0,0.0,0,0
guo_los,0.28176382660687593,0.5,1338,1234,0.8580189349258598,0.8388615667527232,0.10613115758617929,0.7580174927113703,0.7609427609427609,0.24198250728862974,0.23905723905723905,0.09018567639257294,0.07284079084287201,0.07772795216741404,34,70
guo_los,0.28176382660687593,0.6,1338,1202,0.8654096973475763,0.8436023074784542,0.13233065689199744,0.7666666666666667,0.7626146788990825,0.23333333333333334,0.23738532110091742,0.1246684350132626,0.09261186264308012,0.10164424514200299,47,89
guo_los,0.28176382660687593,0.7,1338,1172,0.8740849243031569,0.8482317764718013,0.16334664653585318,0.7767295597484277,0.765807962529274,0.22327044025157233,0.234192037470726,0.15649867374005305,0.1113423517169615,0.12406576980568013,59,107
guo_los,0.28176382660687593,0.8,1338,1129,0.884589442663097,0.8544258373205741,0.20201657755929528,0.7927631578947368,0.7806060606060606,0.20723684210526316,0.2193939393939394,0.19363395225464192,0.14151925078043703,0.156203288490284,73,136
guo_los,0.28176382660687593,0.9,1338,1060,0.8989719772478213,0.8623187430156315,0.2594970424817208,0.8027681660899654,0.7937743190661478,0.1972318339100346,0.20622568093385213,0.23342175066312998,0.19771071800208118,0.2077727952167414,88,190
guo_los,0.28176382660687593,0.95,1338,1021,0.9104929167629966,0.867556577772602,0.3075460188740177,0.8158844765342961,0.8051075268817204,0.18411552346570398,0.19489247311827956,0.26525198938992045,0.22580645161290322,0.23692077727952168,100,217
guo_icu,0.008358662613981762,0.0,1316,1316,0.808707767328457,0.808707767328457,0.0,1.0,0.3103448275862069,0.0,0.6896551724137931,0.0,0.0,0.0,0,0
guo_icu,0.008358662613981762,0.5,1316,1121,0.8455226258763544,0.7751023751023751,0.12560083594566354,1.0,0.3279279279279279,0.0,0.6720720720720721,0.0,0.14942528735632185,0.14817629179331307,0,195
guo_icu,0.008358662613981762,0.6,1316,1070,0.8531260337413166,0.7642716112971071,0.15764541971438523,1.0,0.31916902738432484,0.0,0.6808309726156752,0.0,0.18850574712643678,0.18693009118541035,0,246
guo_icu,0.008358662613981762,0.7,1316,1015,0.8601779082822351,0.7513582035494386,0.1933820968303727,1.0,0.3047808764940239,0.0,0.6952191235059761,0.0,0.23065134099616857,0.22872340425531915,0,301
guo_icu,0.008358662613981762,0.8,1316,946,0.869581190301249,0.7330092367525523,0.2415186346220829,1.0,0.2802139037433155,0.0,0.7197860962566844,0.0,0.2835249042145594,0.2811550151975684,0,370
guo_icu,0.008358662613981762,0.9,1316,848,0.8874669916717449,0.701748669490605,0.3141065830721003,1.0,0.24133811230585425,0.0,0.7586618876941458,0.0,0.3586206896551724,0.3556231003039514,0,468
guo_icu,0.008358662613981762,0.95,1316,774,0.9014553938451283,0.672822590253783,0.37297109021246955,1.0,0.21231979030144169,0.0,0.7876802096985583,0.0,0.4153256704980843,0.41185410334346506,0,542
new_pancan,0.03276247207743857,0.0,1343,1343,0.8497270627755616,0.8497270627755616,0.0,0.5227272727272727,0.9422632794457275,0.4772727272727273,0.057736720554272515,0.0,0.0,0.0,0,0
new_pancan,0.03276247207743857,0.5,1343,1293,0.8861941794275635,0.8420984678946464,0.1270907691231017,0.4864864864864865,0.9609872611464968,0.5135135135135135,0.03901273885350318,0.1590909090909091,0.033102386451116246,0.03723008190618019,7,43
new_pancan,0.03276247207743857,0.6,1343,1268,0.8939605424886982,0.8384736390504338,0.16017565959829239,0.5,0.9627228525121556,0.5,0.03727714748784441,0.22727272727272727,0.05003849114703618,0.05584512285927029,10,65
new_pancan,0.03276247207743857,0.7,1343,1243,0.9040644372653454,0.8371180842279108,0.19847435089929316,0.5,0.9653179190751445,0.5,0.03468208092485549,0.2727272727272727,0.06774441878367975,0.07446016381236038,12,88
new_pancan,0.03276247207743857,0.8,1343,1216,0.9139590854392299,0.8305493420097028,0.24396388830568969,0.4827586206896552,0.9688289806234204,0.5172413793103449,0.031171019376579612,0.3409090909090909,0.08622016936104696,0.09456440804169769,15,112
new_pancan,0.03276247207743857,0.9,1343,1178,0.9264491735431623,0.8261217948717949,0.31515501434670024,0.5,0.9704861111111112,0.5,0.029513888888888888,0.4090909090909091,0.11316397228637413,0.12285927029039465,18,147
new_pancan,0.03276247207743857,0.95,1343,1144,0.9336934199791825,0.8101199157348891,0.37807054377493177,0.5,0.9723707664884136,0.5,0.027629233511586453,0.5,0.13625866050808313,0.14817572598659717,22,177
new_lupus,0.016936671575846832,0.0,1358,1358,0.7548282038755902,0.7548282038755902,0.0,0.34782608695652173,0.899625468164794,0.6521739130434783,0.10037453183520599,0.0,0.0,0.0,0,0
new_lupus,0.016936671575846832,0.5,1358,1279,0.8056593699946609,0.758419380460683,0.20700211691906856,0.25,0.9269261318506752,0.75,0.07307386814932486,0.13043478260869565,0.05692883895131086,0.05817378497790869,3,76
new_lupus,0.016936671575846832,0.6,1358,1259,0.8159358710412195,0.7666263115415658,0.25650545513759976,0.25,0.9289749798224375,0.75,0.07102502017756256,0.13043478260869565,0.07191011235955057,0.07290132547864507,3,96
new_lupus,0.016936671575846832,0.7,1358,1235,0.8265950876526201,0.7677458448753463,0.31447646963035336,0.21052631578947367,0.9358552631578947,0.7894736842105263,0.06414473684210527,0.17391304347826086,0.08913857677902622,0.09057437407952872,4,119
new_lupus,0.016936671575846832,0.8,1358,1202,0.8386736808544556,0.7505796795952782,0.3871030776746458,0.25,0.9401349072512648,0.75,0.05986509274873524,0.30434782608695654,0.11161048689138577,0.11487481590574374,7,149
new_lupus,0.016936671575846832,0.9,1358,1150,0.8562675516977278,0.7448440643863179,0.48972480052108774,0.21428571428571427,0.9454225352112676,0.7857142857142857,0.05457746478873239,0.391304347826087,0.149063670411985,0.15316642120765833,9,199
new_lupus,0.016936671575846832,0.95,1358,1088,0.8715988306723634,0.7430297397769516,0.5655105031753787,0.25,0.9507434944237918,0.75,0.04925650557620818,0.4782608695652174,0.1940074906367041,0.19882179675994108,11,259
new_celiac,0.006622516556291391,0.0,1359,1359,0.6604938271604939,0.6604938271604938,0.0,0.4444444444444444,0.8066666666666666,0.5555555555555556,0.19333333333333333,0.0,0.0,0.0,0,0
new_celiac,0.006622516556291391,0.5,1359,1219,0.7046396023198012,0.6331918906176331,0.20526748971193415,0.42857142857142855,0.8638613861386139,0.5714285714285714,0.13613861386138615,0.2222222222222222,0.10222222222222223,0.10301692420897719,2,138
new_celiac,0.006622516556291391,0.6,1359,1177,0.713952713952714,0.5986336464560205,0.25851851851851854,0.5,0.8701964133219471,0.5,0.12980358667805295,0.3333333333333333,0.1325925925925926,0.13392200147167035,3,179
new_celiac,0.006622516556291391,0.7,1359,1150,0.7257870704157654,0.6009615384615384,0.31506172839506175,0.5,0.8732517482517482,0.5,0.12674825174825174,0.3333333333333333,0.15259259259259259,0.15378955114054452,3,206
new_celiac,0.006622516556291391,0.8,1359,1089,0.7426047383215099,0.6080332409972299,0.38510288065843623,0.5,0.8845798707294552,0.5,0.11542012927054478,0.3333333333333333,0.19777777777777777,0.1986754966887417,3,267
new_celiac,0.006622516556291391,0.9,1359,1000,0.7607830654146108,0.6198859825620389,0.48288065843621397,0.5,0.8883299798792756,0.5,0.11167002012072434,0.3333333333333333,0.2637037037037037,0.26416482707873434,3,356
new_celiac,0.006622516556291391,0.95,1359,910,0.7765436746987951,0.5840883977900553,0.562798353909465,0.4,0.9005524861878453,0.6,0.09944751381215469,0.4444444444444444,0.3296296296296296,0.33038999264164826,4,445
